<Manifest>
  <Resources>
    <Script>control/js/BlobPreview.js</Script>
    <StyleSheet>control/css/style.css</StyleSheet>
  </Resources>
  <Script><![CDATA[try {   
    Microsoft.Dynamics.NAV.InvokeExtensibilityMethod('OnInitialized', []);
} catch (error) {
    console.error("[Control] InvokeExtensibilityMethod - OnInitialized " + error);
}]]></Script>
  <ScriptUrls />
  <StyleSheetUrls />
  <RequestedHeight>400</RequestedHeight>
  <RequestedWidth>300</RequestedWidth>
  <MinimumHeight>300</MinimumHeight>
  <MinimumWidth>250</MinimumWidth>
  <MaximumHeight>500</MaximumHeight>
  <MaximumWidth>700</MaximumWidth>
  <VerticalShrink>True</VerticalShrink>
  <VerticalStretch>True</VerticalStretch>
  <HorizontalShrink>True</HorizontalShrink>
  <HorizontalStretch>True</HorizontalStretch>
  <Version>2</Version>
</Manifest>